9521-SP20-04-10	GT 101X43CM SPA 2420,FOTO
9521-SP21-04-10	GT 101X43CM SPA 2421,FOTO
9521-SP22-04-10	GT 101X43CM SPA 2422,FOTO
9521-TO20-04-10	GT 42X100 TIME OUT TIM2420;FOTO
9521-TO40-04-10	GT 42X100 TIME OUT TIM2440;FOTO
9521-TO41-04-10	GT 42X100 TIME OUT TIM2441;FOTO
9521-TO51-04-10	GT 42X100 TIME OUT TIM2151;2152;FOTO
9521-TO70-04-10	GT 42X100 TIME OUT TIM2470;FOTO
9521-TO71-04-10	GT 42X100 TIME OUT TIM2471;FOTO
9521-TO91-04-10	GT 42X100 TIME OUT TIM2191;2192;FOTO
9524-AM25-04-10	MT 123X164CM AMAZINGSTONE1220+WOO1243+53
9524-AM46-04-10	MT123X164CM AMA 1240, WOO 1233,1263+FOTO
9524-AM89-04-10	MT123X164CM AMA 1280, WOO 1283,1293+FOTO
9524-CO18-UE-10	MT 123X164 COLOR IT COL1820-1890;FOTO
9524-EO21-04-10	MT 123X164CM EO 2820,2821 FOTO
9524-EO23-04-10	MT 123X164 COLOR IT E02920;COL1830;POS
9524-EO31-04-10	MT 123X164CM EO 2830,2831 FOTO
9524-EO34-04-10	MT 123X164 COLOR IT E02930;COL1840;POS
9524-SP29-UE-10	MT123X164 SPA2.02924,2925,2926,2927,2994
9524-SP59-04-10	MT 123X164 SPA2.0 2920,2990,2925,FOTO
9524-SP69-04-10	MT 123X164 SPA2.0 2920,2990,2926,FOTO
9524-SP79-04-10	MT 123X164 SPA2.0 2920,2990,2927,FOTO
9524-SP92-04-10	MT 123X164 SPA 2.0 2920;2922;2990;FOTO
9524-SP93-04-10	MT 123X164 SPA 2.0 2920;2923;2990;FOTO
9524-SP95-04-10	MT 123X164 SPA2.0 SPA2920,2935,2990,FOTO
9524-SP96-04-10	MT 123X164 SPA2.0 SPA2920,2936,2990,FOTO
9524-SP97-04-10	MT 123X164 SPA2.0 2920,2937,2990,FOTO
9524-TO11-04-10	MT 123X164 TIME OUT TIM2151;2191;FOTO
9524-TO14-04-10	MT123X164 TIME OUT TIM2420;2440;2441;FOT
9524-TO17-04-10	MT123X164 TIME OUT TIM2420;2470;2471;FOT
9524-TO41-04-10	MT123X164 TIME OUT TIM1220;1240;1241;FOT
9524-TO52-04-10	MT 123X164 TIME OUT TIM2420;2152;FOTO
9524-TO71-04-10	MT123X164 TIME OUT TIM1220;1270;1271;FOT
9524-TO92-04-10	MT 123X164 TIME OUT TIM2420;2192;FOTO
9524-WO20-04-10	MT 123X164CM WOOD WOO1220,WOO2180,FOTO
9539-AR10-04-10	MT 92X92CM ARIZONA NATURE UEBERSICHT+FOT
9539-CTRO-00-10	 MT 92x92CM CENTRO CEN1240,1244
9539-CTRO-01-10	 MT 92x92CM CENTRO CEN1270,1272
9539-CTRO-02-10	 MT 92x92CM CENTRO CEN1290,1292
9539-CTRO-03-10	 MT 92x92CM CENTRO CEN1250,1254
9539-NATU-01-10	MT 92X92CM NATURAL NAT1220,1222
9539-NATU-02-10	MT 92X92CM NATURAL NAT1250,1252
9539-NATU-03-10	MT 92X92CM NATURAL NAT1260,1262
9539-NATU-04-10	MT 92X92CM NATURAL NAT1270,1272
9539-SH25-0C-10	MT 92X92 STONEHENGE SHE1250
9539-SH26-0C-10	MT 92X92 STONEHENGE SHE1260
9539-SH27-0C-10	MT 92X92 STONEHENGE SHE1270
9539-SH29-0C-10	MT 92X92 STONEHENGE SHE1290
9539-SH50-0C-10	MT 92X92 STONEHENGE SHE1450
9539-SH60-0C-10	MT 92X92 STONEHENGE SHE1460
9539-SH70-0C-10	MT 92X92 STONEHENGE SHE1470
9539-SH90-0C-10	MT 92X92 STONEHENGE SHE1490
9539-UN24-0C-10	MT 92X92 UNDERGROUND UND1240
9539-UN27-0C-10	MT 92X92 UNDERGROUND UND1270
9539-UN28-0C-10	MT 92X92 UNDERGROUND UND1280
9539-UN29-0C-10	MT 92X92 UNDERGROUND UND1290
9540-AR10-0Z-10	MT 65X65CM ARIZONA NATURE UEBERSICHT
9540-BE50-0A-10	MT 65X65CM BEACH BEA1450
9540-BE70-0A-10	MT 65X65CM BEACH BEA1470
9540-BE90-0A-10	MT 65X65CM BEACH BEA1490
9540-CO50-0A-10	MT 65X65 COLOR IT COL 1450
9540-CO80-0A-10	MT 65X65 COLOR IT COL1480
9540-CO90-0A-10	MT 65X65 COLOR IT COL1490
9540-CTRO-00-10	 MT 65x65CM CENTRO CEN1240,1250
9540-CTRO-01-10	 MT 65x65CM CENTRO CEN1270,1290
9540-NATU-01-10	MT 65X65CM NATURAL NAT1220,1222
9540-NATU-02-10	MT 65X65CM NATURAL NAT1250,1252
9540-NATU-03-10	MT 65X65CM NATURAL NAT1260,1262
9540-NATU-04-10	MT 65X65CM NATURAL NAT1270,1272
9540-SH25-0B-10	MT 65X65 STONEHENGE SHE 1250
9540-SH26-0B-10	MT 65X65 STONEHENGE SHE 1260
9540-SH27-0B-10	MT 65X65 STONEHENGE SHE 1270
9540-SH29-0B-10	MT 65X65 STONEHENGE SHE 1290
9540-SH50-0A-10	MT 65X65 STONEHENGE SHE1450
9540-SH60-0A-10	MT 65X65 STONEHENGE SHE1460
9540-SH70-0A-10	MT 65X65 STONEHENGE SHE1470
9540-SH90-0A-10	MT 65X65 STONEHENGE SHE1490
9540-WO09-0B-10	MT 65X65CM WOOD WOO1290
9548-EO21-04-10	MT 123X209 EO2820,2821 FOTO
9548-EO31-04-10	MT 123X209 EO2830,2831 FOTO
9552-CTRO-00-10	 MT 125x92CM CENTRO CEN1240,1244
9552-CTRO-02-10	 MT 125x92CM CENTRO CEN1250,1254
9552-CTRO-03-10	 MT 125x92CM CENTRO CEN1270,1272
9552-CTRO-04-10	 MT 125x92CM CENTRO CEN1290,1292
9552-NATU-01-10	MT 125X92CM NATURAL NAT1220,1222
9552-NATU-02-10	MT 125X92CM NATURAL NAT1250,1252
9552-NATU-03-10	MT 125X92CM NATURAL NAT1260,1262
9552-NATU-04-10	MT 125X92CM NATURAL NAT1270,1272
9552-RE50-0A-10	MT 125X92CM RELAX REL1250,1450
9552-RE60-0A-10	MT 125X92CM RELAX REL1260,1460
9552-RE70-0A-10	MT 125X92CM RELAX REL1270,1470
9552-RE90-0A-10	MT 125X92CM RELAX REL1290,1490
9552-SH25-0C-10	MT 92X125 STONEHENGE SHE1250
9552-SH26-0C-10	MT 92X125 STONEHENGE SHE1260
9552-SH27-0C-10	MT 92X125 STONEHENGE SHE1270
9552-SH29-0C-10	MT 92X125 STONEHENGE SHE1290
9552-SH50-0C-10	MT 92X125 STONEHENGE SHE1450
9552-SH60-0C-10	MT 92X125 STONEHENGE SHE1460
9552-SH70-0C-10	MT 92X125 STONEHENGE SHE1470
9552-SH90-0C-10	MT 92X125 STONEHENGE SHE1490
9552-TO50-0D-10	MT 92X125 CM TIME OUT TIM 2150
9552-TO90-0D-10	MT 92X125 CM TIME OUT TIM 2190
9552-UN24-0C-10	MT 92X125 UNDERGROUND UND1240
9552-UN27-0C-10	MT 92X125 UNDERGROUND UND1270
9552-UN28-0C-10	MT 92X125 UNDERGROUND UND1280
9552-UN29-0C-10	MT 92X125 UNDERGROUND UND1290
9555-AM14-04-10	GT 72X78CM AMAZING STONE 1220, WOO1243+P
9555-AM25-04-10	GT 72X78CM AMAZING STONE 1220, WOO1253+P
9555-AM43-04-10	GT 72X78CM AMAZING STONE AMA1240+WOO1233
9555-AM46-04-10	GT 72X78CM AMAZING STONE AMA1240+WOO1263
9555-AM88-04-10	GT 72X78CM AMAZING STONE AMA1280+WOO1283
9555-AM89-04-10	GT 72X78CM AMAZING STONE AMA1280+WOO1293
9555-AR10-0Z-10	GT 78X72CM ARIZONA NATURE UEBERSICHT
9555-CO50-0A-10	GT 72X78 COLOR IT COL 1450
9555-CO80-0A-10	GT 72X78 COLOR IT COL1480
9555-CO90-0A-10	GT 72X78 COLOR IT COL1490
9555-CTRO-00-10	GT 72X78CM CENTRO CEN1220,1244&amp;#160;&amp;#16
9555-CTRO-01-10	GT 72X78CM CENTRO CEN1280,1294&amp;#160;&amp;#16
9555-EN60-0A-10	GT 78X72CM ENIGMA ENI1460
9555-EN70-0A-10	GT 78X72CM ENIGMA ENI1470
9555-EN80-0A-10	GT 78X72CM ENIGMA ENI1480
9555-EN90-0A-10	GT 78X72CM ENIGMA ENI1490
9555-FOPO-00-10	GT 78X72CM FORUM FOM1220,2540,FOTO
9555-FOPO-02-10	GT 78X72CM FORUM FOM1280,2590,FOTO
9555-FOPO-03-10	GT 78X72CM FORUM FOM1280,2570,FOTO
9555-HO22-04-10	GT 72X78CM HOME HOM1220, MAJ1242
9555-HO24-04-10	GT 72X78CM HOME HOM1220, MAG1214
9555-HO26-04-10	GT 72X78CM HOME HOM1220, ENI1226
9555-MADE-00-10	 GT 72x78CM MADERA MAD1230,1251
9555-MADE-01-10	 GT 72x78CM MADERA MAD1240,1251
9555-NEPO-00-10	GT 72X78CM NEO NEO1280,NAT1214,FOTO
9555-NEPO-01-10	GT 78X72CM NEO NEO1240,NAT1214,FOTO
9555-NEPO-02-10	GT 72X78CM NEO NEO1240,DOM2540,FOTO
9555-NEPO-03-10	GT 72X78CM NEO NEO1280,DOM2580,FOTO
9555-SH25-0B-10	GT 7278 STONEHENGE SHE1250
9555-SH26-0B-10	GT 7278 STONEHENGE SHE1260
9555-SH27-0B-10	GT 7278 STONEHENGE SHE1270
9555-SH29-0B-10	GT 7278 STONEHENGE SHE1290
9555-SH50-0A-10	GT 72X78 STONEHENGE SHE1450
9555-SH60-0A-10	GT 72X78 STONEHENGE SHE1460
9555-SH70-0A-10	GT 72X78 STONEHENGE SHE1470
9555-SH90-0A-10	GT 72X78 STONEHENGE SHE1490
9555-SP22-04-10	GT 72X78CM SPA 1220,1222,FOTO
9555-TO20-04-10	GT 72X78 TIME OUT TIM 1220;FOTO
9555-TO41-04-10	GT 72X78 TIME OUT TIM1240;1241;FOTO
9555-TO71-04-10	GT 72X78 TIME OUT TIM1270;1271;FOTO
9555-WO20-04-10	GT 72X78CM WOOD WOO1220,FOTO
9557-A4UE-0D-10	MT 94X134 BRICKS-ÜBERSICHT FRESH SOLO
9557-AM25-04-10	MT94X134CM AMAZINGSTONE1220+WOO1243+1253
9557-AM46-04-10	MT 94X134CM AMA 1240, WOO 1233,1263+FOTO
9557-AM89-04-10	MT 94X134CM AMA 1280, WOO 1283,1293+FOTO
9557-AR10-04-10	MT 94X134CM ARIZONA NATURE UEBERSICHT+FO
9557-CO18-UE-10	MT 94X134 COLOR IT COL1820-1890;FOTO
9557-CTRO-00-10	 MT 94x134CM CENTRO CEN1220,1244,1254,CE
9557-CTRO-01-10	 MT 94x134CM CENTRO CEN1280,1294,1270,90
9557-FA14-04-10	MT 94X134CM FANTA.STO. FAN1240,1241,FO
9557-FL41-04-10	MT 94X134CM FLOW FLO1240,FLO1241,FOTO
9557-FOPO-00-10	MT 94X134CM FORUM FOM1220,2540,FOTO
9557-FOPO-02-10	MT 94X134CM FORUM FOM1280,2590,FOTO
9557-FOPO-03-10	MT 94X134CM FORUM FOM1280,2570,FOTO
9557-NATU-01-10	MT 94X134CM NATURAL NAT1240,1254,1264
9557-NATU-02-10	MT 94X134CM NATURAL NAT1240,1214,1250,60
9557-NATU-03-10	MT 94X134CM NATURAL NAT1280,1224,1274
9557-NATU-04-10	MT 94X134CM NATURAL NAT1280,1214,1270
9557-NEPO-00-10	MT 94X134CM NEO NEO1280,NAT1214,FOTO
9557-NEPO-01-10	MT 94X134CM NEO NEO1240,NAT1214,FOTO
9557-NEPO-02-10	MT 94X134CM NEO NEO1240,DOM2540,FOTO
9557-NEPO-03-10	MT 94X134CM NEO NEO1280,DOM2580,FOTO
9557-RE32-04-10	MT 94X134CM RELAX 1230,FRE2520 FOTO
9557-SP21-04-10	MT 94X134CM SPA 2421, FOTO
9557-SP22-04-10	MT 94X134CM SPA 1220,1222,FOTO
9557-SP22-06-10	MT 94X134CM SPA 2420,2422, FOTO
9557-SP90-UE-10	MT94X134 SPA2.02924,2925,2926,2927,2994
9557-TO11-04-10	MT 94X134 TIME OUT TIM2151;2191;FOTO
9557-TO14-04-10	MT94X134 TIME OUT TIM2420;2440;2441;FOTO
9557-TO17-04-10	MT94X134 TIME OUT TIM2420;2470;2471;FOTO
9557-TO41-04-10	MT94X134 TIME OUT TIM1220;1240;1241;FOTO
9557-TO52-04-10	MT 94X134 TIME OUT TIM2420;2152;FOTO
9557-TO71-04-10	MT94X134 TIME OUT TIM1220;1270;1271;FOTO
9557-TO92-04-10	MT 94X134 TIME OUT TIM2420;2192;FOTO
9557-WO20-04-10	MT 94X134CM WOOD WOO1220,FOTO
9562-A4UE-0D-10	MT 104X184 BRICKS-ÜBERSICHT FRESH SOLO
9562-AM25-04-10	MT 104X184CM AMAZINGSTONE1220+WOO1243+53
9562-AM46-04-10	MT104X184CM AMA 1240, WOO 1233,1263+FOTO
9562-AM89-04-10	MT104X184CM AMA 1280, WOO 1283,1293+FOTO
9562-BE54-04-10	MT104X184CM BEACH BEA1240,1454,FOTO
9562-BE78-04-10	MT104X184CM BEACH BEA1280,1474,FOTO
9562-CO18-UE-10	MT 104X184 COLOR IT COL1820-1890;FOTO
9562-CTRO-00-10	 MT 104x184CM CENTRO CEN1220,1244,1254
9562-CTRO-01-10	 MT 104x184CM CENTRO CEN1280,1294,1270,9
9562-EO21-04-10	MT 104X184CM EO2820,2821 FOTO
9562-EO23-04-10	MT 104X184 COLOR IT E02920;COL1830;POS
9562-EO31-04-10	MT 104X184CM EO2830,2831 FOTO
9562-EO34-04-10	MT 104X184 COLOR IT E02930;COL1840;POS
9562-NATU-01-10	MT 104X184CM NATURAL NAT1240,1254,1264
9562-NATU-02-10	MT 104X184CM NATURAL NAT1240,1214,50,60
9562-NATU-03-10	MT 104X184CM NATURAL NAT1280,1224,1274
9562-NATU-04-10	MT 104X184CM NATURAL NAT1280,1214,1270
9562-REU7-00-10	MT104X184CM RELAX REL1230,1473,1270,1290
9562-SP21-06-10	MT 104X184CM SPA 2421, FOTO
9562-SP22-04-10	MT 104X184CM SPA 1220,1222, FOTO
9562-SP22-06-10	MT 104X184CM SPA 2420,2422, FOTO
9562-SP29-UE-10	MT104X184 SPA2.02924,2925,2926,2927,2994
9562-SP59-04-10	MT 104X184 CM SPA2.0 2920,2990,2925,FOTO
9562-SP69-04-10	MT 104X184 CM SPA2.0 2920,2990,2926,FOTO
9562-SP79-04-10	MT 104X184 CM SPA2.0 2920,2990,2927,FOTO
9562-SP92-04-10	MT 104X184 CM SPA 2.0 2920;2922;2990;FOT
9562-SP93-04-10	MT 104X184CM SPA 2.0 2920;2923;2990;FOTO
9562-SP95-04-10	MT 104X184 SPA2.0 SPA2920,2935,2990,FOTO
9562-SP96-04-10	MT 104X184 CM SPA2.0 2920,2936,2990,FOTO
9562-SP97-04-10	MT 104X184 CM SPA2.0 2920,2937,2990,FOTO
9562-TO11-04-10	MT 104X184 CM TIME OUT TIM2151;2191;FOTO
9562-TO14-04-10	MT104X184 TIME OUT TIM2420;2440;2441;FOT
9562-TO17-04-10	MT104X184 TIME OUT TIM2420;2470;2471;FOT
9562-TO40-04-10	MT104X184 TIME OUT TIM2441;FOTO
9562-TO41-04-10	MT104X184 TIME OUT TIM1220;1240;1241;FOT
9562-TO52-04-10	MT 104X184 CM TIME OUT TIM2420;2152;FOTO
9562-TO70-04-10	MT104X184 TIME OUT TIM1270;1271;FOTO
9562-TO71-04-10	MT104X184 TIME OUT TIM1220;1270;1271;FOT
9562-TO92-04-10	MT 104X184 CM TIME OUT TIM2420;2159;FOTO
9566-A4UE-0D-10	MT 107X184 BRICKS-ÜBERSICHT FRESH SOLO
9566-AM25-04-10	MT 107X184CM AMAZINGSTONE1220,WOO1243+53
9566-AM46-04-10	MT107X184CM AMA 1240, WOO 1233,1263+FOTO
9566-AM89-04-10	MT107X184CM AMA 1280, WOO 1283,1293+FOTO
9566-BE54-04-10	MT107X184CM BEACH BEA1240,1454,FOTO
9566-BE78-04-10	MT107X184CM BEACH BEA1280,1474,FOTO
9566-BE98-04-10	MT107X184CM BEACH BEA1280,1494,FOTO
9566-CO18-UE-10	MT 107X184 COLOR IT COL1820-1890;FOTO
9566-CTRO-00-10	 MT 107x184CM CENTRO CEN1220,1244,1254
9566-CTRO-01-10	 MT 107x184CM CENTRO CEN1280,1294,1270,9
9566-EO21-04-10	MT 107X184CM EO2820,2821 FOTO
9566-EO23-04-10	MT 107X184 COLOR IT E02920;COL1830;POS
9566-EO31-04-10	MT 107X184CM EO2830,2831 FOTO
9566-EO34-04-10	MT 107X184 COLOR IT E02930;COL1840;POS
9566-NATU-01-10	MT 107X184CM NATURAL NAT1240,1254,1264
9566-NATU-02-10	MT 107X184CM NATURAL NAT1240,1214,50,60
9566-NATU-03-10	MT 107X184CM NATURAL NAT1280,1224,1274
9566-NATU-04-10	MT 107X184CM NATURAL NAT1280,1214,1270
9566-SP21-06-10	MT 107X184CM SPA 2421, FOTO
9566-SP22-04-10	MT 107X184CM SPA 1220,1222, FOTO
9566-SP22-06-10	MT 107X184CM SPA 2420,2422, FOTO
9566-SP29-UE-10	MT107X184 SPA2.02924,2925,2926,2927,2994
9566-SP59-04-10	MT 107X184 CM SPA2.0 2920,2990,2925,FOTO
9566-SP69-04-10	MT 107X184 CM SPA2.0 2920,2990,2926,FOTO
9566-SP79-04-10	MT 107X184 CM SPA2.0 2920,2990,2927,FOTO
9566-SP92-04-10	MT 107X184 CM SPA 2.0 2920;2922;2990;FOT
9566-SP93-04-10	MT 107X184CM SPA 2.0 2920;2923;2990;FOTO
9566-SP95-04-10	MT 107X184CM SPA2.0 SPA2920,2935,2990,FO
9566-SP96-04-10	MT 107X184 CM SPA2.0 2920,2936,2990,FOTO
9566-SP97-04-10	MT 107X184 CM SPA2.0 2920,2937,2990,FOTO
9566-TO11-04-10	MT 107X184 CM TIME OUT TIM2151;2191;FOTO
9566-TO14-04-10	MT107X184 TIME OUT TIM2420;2440;2441;FOT
9566-TO17-04-10	MT107X184 TIME OUT TIM2420;2470;2471;FOT
9566-TO40-04-10	MT 107X184 TIME OUT TIM2441;FOTO
9566-TO41-04-10	MT107X184 TIME OUT TIM1220;1240;1241;FOT
9566-TO52-04-10	MT 107X184 CM TIME OUT TIM2420;2152;FOTO
9566-TO70-04-10	MT 107X184 TIME OUT TIM1270;1271;FOTO
9566-TO71-04-10	MT107X184 TIME OUT TIM1220;1270;1271;FOT
9566-TO92-04-10	MT 107X184 CMTIME OUT TIM2420;2192;FOTO
9568-A4UE-0D-10	MT100,5X192,5BRICKS-ÜBERSICHT FRESH SOLO
9568-AM25-04-10	MT100,5X192,5CM AMAZINGST1220+WOO1243+53
9568-AM46-04-10	MT 100,5X192,5 AMA1240,WOO1263,1233+FOTO
9568-AM89-04-10	MT 100,5X192,5 AMA1280,WOO1283,1293+FOTO
9568-CO18-UE-10	MT 100,5X192,5 COLOR IT COL1820-1890;FOT
9568-CO50-0A-10	MT100,5X192,5CM COLOR IT COL1450+POSTER
9568-CO80-0A-10	MT100,5X192,5CM COLOR IT COL1480+POSTER
9568-CO90-0A-10	MT100,5X192,5CM COLOR IT COL1490+POSTER
9568-CTRO-00-10	 MT 100,5x192,5CM CENTRO CEN1220,1244,54
9568-CTRO-01-10	 MT 100,5x192,5CM CENTRO CEN1280,1294,CE
9568-EO21-04-10	MT100,5X192,5CM EO2820,2821 FOTO
9568-EO23-04-10	MT100,5X192,5 COLOR IT E02920;COL1830;PO
9568-EO31-04-10	MT100,5X192,5CM EO2830,2831 FOTO
9568-EO34-04-10	MT100,5X192,5 COLOR IT E02930;COL1840;PO
9568-EOO!-00-10	MT 100,5X192,5CM EO EO2430,2431
9568-NATU-01-10	MT 100,5X192,5CM NATURAL NAT1240,1254,64
9568-NATU-02-10	MT 100,5X192,5CM NATURAL NAT1240,1214
9568-NATU-03-10	MT 100,5X192,5CM NATURAL NAT1280,1224,74
9568-NATU-04-10	MT 100,5X192,5CM NATURAL NAT1280,1214,70
9568-NEPO-00-10	MT 100,5X192,5CM NEO NEO1280,NAT1214,70
9568-NEPO-01-10	MT 100,5X192,5CM NEO NEO1240,NAT1214,50
9568-NEPO-02-10	MT 100,5X192,5CM NEO NEO1240,DOM2540,CEN
9568-NEPO-03-10	MT 100,5X192,5CM NEO NEO1280,DOM2580,CEN
9568-SP21-06-10	MT 100,5X192,5CM SPA 2421, FOTO
9568-SP22-04-10	MT 100,5X192,5CM SPA 1220,1222, FOTO
9568-SP22-06-10	MT 100,5X192,5CM SPA 2420,2422, FOTO
9568-SP29-UE-10	MT100,5X192,5SPA2924,2925,2926,2927,2994
9568-SP59-04-10	MT 100,5X192,5 SPA2.0 2920,2990,2925,FOT
9568-SP69-04-10	MT 100,5X192,5 SPA2.0 2920,2990,2926,FOT
9568-SP79-04-10	MT 100,5X192,5 SPA2.0 2920,2990,2927,FOT
9568-SP92-04-10	MT100,5X192,5CM SPA2.0 2920;2922;2990;FO
9568-SP93-04-10	MT 100,5X192,5CM SPA2.0 2920;2923;2990;F
9568-SP95-04-10	MT 100,5X192,5 SPA2.0 2920,2935,2990,FOT
9568-SP96-04-10	MT 100,5X192,5 SPA2.0 2920,2936,2990,FO4
9568-SP97-04-10	MT 100,5X192,5 SPA2.0 2920,2937,2990,FOT
9568-TO11-04-10	MT 100,5X192,5 TIME OUT TIM2151;2191;FOT
9568-TO14-04-10	MT100,5X192,5 TIME OUT2420;2440;2441;FOT
9568-TO17-04-10	MT100,5X192,5 TIME OUT2420;2470;2471;FOT
9568-TO40-04-10	MT100,5X192,5 TIME OUT2441;FOTO
9568-TO41-04-10	MT100,5X192,5 TIME OUT1220;1240;1241;FOT
9568-TO52-04-10	MT 100,5X192,5 TIME OUT TIM2420;2152;FOT
9568-TO70-04-10	MT100,5X192,5 TIME OUT1270;1271;FOTO
9568-TO71-04-10	MT100,5X192,5 TIME OUT1220;1270;1271;FOT
9568-TO92-04-10	MT 100,5X192,5 TIME OUT TIM2420;2192;FOT
9568-WO20-04-10	MT 100,5X192,4CM WOOD WOO1220,WOO2180,FO
9569-A4UE-0D-10	MT 97X184 BRICKS-ÜBERSICHT FRESH SOLO
9569-AM25-04-10	MT 97X184CM AMAZINGSTONE1220,WOO1243+53
9569-AM46-04-10	MT 97X184CM AMA 1240, WOO 1233,1263+FOTO
9569-AM89-04-10	MT 97X184CM AMA 1280, WOO 1283,1293+FOTO
9569-BE54-04-10	MT 97X184CM BEACH BEA1240,1454,FOTO
9569-BE78-04-10	MT 97X184CM BEACH BEA1280,1474,FOTO
9569-CO18-UE-10	MT 97X184 COLOR IT COL1820-1890;FOTO
9569-CTRO-00-10	 MT 97x184CM CENTRO CEN1220,1244,1254,CE
9569-CTRO-01-10	 MT 97x184CM CENTRO CEN1280,1294,1270,90
9569-EO21-04-10	MT 97X184CM EO2820,2821 FOTO
9569-EO23-04-10	MT 97X184 COLOR IT E02920;COL1830;POS
9569-EO31-04-10	MT 97X184CM EO2830,2831 FOTO
9569-EO34-04-10	MT 97X184 COLOR IT E02930;COL1840;POS
9569-NATU-01-10	MT 97X184CM NATURAL NAT1240,1254,1264
9569-NATU-02-10	MT 97X184CM NATURAL NAT1240,1214,50,60
9569-NATU-03-10	MT 97X184CM NATURAL NAT1280,1224,1274
9569-NATU-04-10	MT 97X184CM NATURAL NAT1280,1214,1270
9569-SP21-06-10	MT 97X184CM SPA 2421, FOTO
9569-SP22-04-10	MT 97X184CM SPA 1220,1222, FOTO
9569-SP22-06-10	MT 97X184CM SPA 2420,2422, FOTO
9569-SP29-UE-10	MT 97X184 SPA2.02924,2925,2926,2927,2994
9569-SP59-04-10	MT 97X184 CM SPA2.0 2920,2990,2925,FOTO4
9569-SP69-04-10	MT 97X184 CM SPA2.0 2920,2990,2926,FOTO4
9569-SP79-04-10	MT 97X184 CM SPA2.0 2920,2990,2927,FOTO4
9569-SP92-04-10	MT 97X184 CM SPA 2.0 2920;2922;2990;FOTO
9569-SP93-04-10	MT 97X184 CM SPA 2.0 2920;2923;2990;FOTO
9569-SP95-04-10	MT 97X184CMSPA2.0 SPA2920,2935,2990,FOTO
9569-SP96-04-10	MT 97X184 SPA2.0 SPA2920,2936,2990,FOTO4
9569-SP97-04-10	MT 97X184 CM SPA2.0 2920,2937,2990,FOTO4
9569-TO11-04-10	MT 97X184 CM TIME OUT TIM2151;2191;FOTO
9569-TO14-04-10	MT97X184 TIME OUT TIM2420;2440;2441;FOTO
9569-TO17-04-10	MT97X184 TIME OUT TIM2420;2470;2471;FOTO
9569-TO40-04-10	MT 97X184 TIME OUT TIM2441;FOTO
9569-TO41-04-10	MT97X184 TIME OUT TIM1220;1240;1241;FOTO
9569-TO52-04-10	MT 97X184 CM TIME OUT TIM2420;2152;FOTO
9569-TO70-04-10	MT 97X184 TIME OUT TIM1270;1271;FOTO
9569-TO71-04-10	MT97X184 TIME OUT TIM1220;1270;1271;FOTO
9569-TO92-04-10	MT 97X184 CM TIME OUT TIM2420;2192;FOTO
9585-A4UE-0D-10	MT 65X130 BRICKS-ÜBERSICHT FRESH SOLO
9585-AM14-04-10	MT 65X130CM AMAZING STONE 1220+WOO1243+P
9585-AM25-04-10	MT 65X130CM AMAZING STONE 1220+WOO1253+P
9585-AM43-04-10	MT65X130CM AMAZING STONE AMA1240+WOO1233
9585-AM46-04-10	MT65X130CM AMAZING STONE AMA1240+WOO1263
9585-AM88-04-10	MT65X130CM AMAZING STONE AMA1280+WOO1283
9585-AM89-04-10	MT65X130CM AMAZING STONE AMA1280+WOO1293
9585-AR10-04-10	MT 65X130CM ARIZONA NATURE UEBERSICHT+FO
9585-BE54-04-10	MT 65X130CM BEACH BEA1240,1454, FOTO
9585-CTRO-00-10	 MT 65x130CM CENTRO CEN1220,1244,1254,CE
9585-CTRO-01-10	 MT 65x130CM CENTRO CEN1280,1294,1270,90
9585-FOPO-00-10	MT 65X130CM FORUM FOM1220,2540,FOTO
9585-FOPO-02-10	MT 65X130CM FORUM FOM1280,2590,FOTO
9585-FOPO-03-10	MT 65X130CM FORUM FOM1280,2570,FOTO
9585-MADE-00-10	 MT 65x130CM MADERA MAD1230,1251,LOFT
9585-MADE-01-10	 MT 65x130CM MADERA MAD1240,1251,LOFT
9585-NAPO-05-10	MT 65X130CM NATURAL NAT1240,1254,1250
9585-NAPO-06-10	MT 65X130CM NATURAL NAT1214,1280,1270
9585-NATU-01-10	MT 65X130CM NATURAL NAT1240,1254,1264
9585-NATU-02-10	MT 65X130CM NATURAL NAT1240,1214,1250,60
9585-NATU-03-10	MT 65X130CM NATURAL NAT1280,1224,1274
9585-NATU-04-10	MT 65X130CM NATURAL NAT1280,1214,1270
9585-NEPO-00-10	MT 65X130CM NEO NEO1280,NAT1214,FOTO
9585-NEPO-01-10	MT 65X130CM NEO NEO1240,NAT1214,FOTO
9585-NEPO-02-10	MT 65X130CM NEO NEO1240,DOM2540,FOTO
9585-NEPO-03-10	MT 65X130CM NEO NEO1280,DOM2580,FOTO
9585-SP22-04-10	MT 65X130CM SPA 1220,1222,FOTO
9585-TO41-04-10	MT65X130 TIME OUT TIM1220;1240;1241;FOTO
9585-TO71-04-10	MT65X130 TIME OUT TIM1220;1270;1271;FOTO
9587-A4UE-0D-10	MT 100X200 BRICKS-ÜBERSICHT FRESH SOLO
9587-AM25-04-10	MT 100X200CM AMAZINGSTONE1220+WOO1243+53
9587-AM46-04-10	MT 100X200CM AMA 1240,WOO 1233,1263+FOTO
9587-AM89-04-10	MT 100X200CM AMA 1280,WOO 1283,1293+FOTO
9587-CO18-UE-10	MT 100X200 COLOR IT COL1820-1890;FOTO
9587-CO50-0A-10	MT 100X200CM COLOR IT COL1450+POSTER
9587-CO80-0A-10	MT 100X200CM COLOR IT COL1480+POSTER
9587-CO90-0A-10	MT 100X200CM COLOR IT COL1490+POSTER
9587-CTRO-00-10	 MT 100x200CM CENTRO CEN1220,1244,1254
9587-CTRO-01-10	 MT 100x200CM CENTRO CEN1280,1294,1270,9
9587-EO21-04-10	MT 100X200CM EO2820,2821 FOTO
9587-EO23-04-10	MT 100X200 COLOR IT E02920;COL1830;POS
9587-EO31-04-10	MT 100X200CM EO2830,2831 FOTO
9587-EO34-04-10	MT 100X200 COLOR IT E02930;COL1840;POS
9587-EOO!-00-10	MT 100X200CM EO EO2430,2431
9587-NATU-01-10	MT 100X200CM NATURAL NAT1240,1254,1264
9587-NATU-02-10	MT 100X200CM NATURAL NAT1240,1214,50,60
9587-NATU-03-10	MT 100X200CM NATURAL NAT1280,1224,1274
9587-NATU-04-10	MT 100X200CM NATURAL NAT1280,1214,1270
9587-NEPO-00-10	MT 100X200CM NEO NEO1280,NAT1214,1270
9587-NEPO-01-10	MT 100X200CM NEO NEO1240,NAT1214,50,60
9587-NEPO-02-10	MT 100X200CM NEO NEO1240,DOM2540,CENTRO
9587-NEPO-03-10	MT 100X200CM NEO NEO1280,DOM2580,CENTRO
9587-SP21-06-10	MT 100X200CM SPA 2421, FOTO
9587-SP22-04-10	MT 100X200CM SPA 1220,1222, FOTO
9587-SP22-06-10	MT 100X200CM SPA 2420,2422, FOTO
9587-SP29-UE-10	MT100X200 SPA2.02924,2925,2926,2927,2994
9587-SP59-04-10	MT 100X200 CM SPA2.0 2920,2990,2925,FOTO
9587-SP69-04-10	MT 100X200 CM SPA2.0 2920,2990,2926,FOTO
9587-SP79-04-10	MT 100X200 CM SPA2.0 2920,2990,2927,FOTO
9587-SP92-04-10	MT 100X200CM SPA 2.0 2920;2922;2990;FOTO
9587-SP93-04-10	MT 100X200CM SPA 2.0 2920;2923;2990;FOTO
9587-SP95-04-10	MT 100X200 SPA2.0 SPA2920,2935,2990,FOTO
9587-SP96-04-10	MT 100X200 SPA2.0 SPA2920,2936,2990,FOTO
9587-SP97-04-10	MT 100X200 CM SPA2.0 2920,2937,2990,FOTO
9587-TO11-04-10	MT 100X200 CM TIME OUT TIM2151;2191;FOTO
9587-TO14-04-10	MT100X200 TIME OUT TIM2420;2440;2441;FOT
9587-TO17-04-10	MT100X200 TIME OUT TIM2420;2470;2471;FOT
9587-TO40-04-10	MT100X200 TIME OUT TIM2441;FOTO
9587-TO41-04-10	MT100X200 TIME OUT TIM1220;1240;1241;FOT
9587-TO52-04-10	MT 100X200 CM TIME OUT TIM2420;2152;FOTO
9587-TO70-04-10	MT100X200 TIME OUT TIM1270;1271;FOTO
9587-TO71-04-10	MT100X200 TIME OUT TIM1220;1270;1271;FOT
9587-TO92-04-10	MT 100X200 CM TIME OUT TIM2420;2192;FOTO
9587-WO20-04-10	MT 100X200CM WOOD WOO1220,WOO2180,FOTO
9588-CO50-0A-10	MT 120X120 COLOR IT COL 1450
9588-CO80-0A-10	MT 120X120 COLOR IT COL1480
9588-CO90-0A-10	MT 120X120 COLOR IT COL1490
9588-SH25-0C-10	MT 120X120 STONEHENGE SHE1250
9588-SH26-0C-10	MT 120X120 STONEHENGE SHE1260
9588-SH27-0C-10	MT 120X120 STONEHENGE SHE1270
9588-SH29-0C-10	MT 120X120 STONEHENGE SHE1290
9588-SH50-0A-10	MT 120X120 STONEHENGE SHE1450
9588-SH60-0A-10	MT 120X120 STONEHENGE SHE1460
9588-SH70-0A-10	MT 120X120 STONEHENGE SHE1470
9588-SH90-0A-10	MT 120X120 STONEHENGE SHE1490
9588-TO50-0D-10	MT 120X120 CM TIME OUT TIM 2150
9588-TO90-0D-10	MT 120X120CM TIME OUT TIM 2190
9588-UN24-0C-10	MT 120X120 UNDERGROUND UND1240
9588-UN27-0C-10	MT 120X120 UNDERGROUND UND1270
9588-UN28-0C-10	MT 120X120 UNDERGROUND UND1280
9588-UN29-0C-10	MT 120X120 UNDERGROUND UND1290
9589-AM25-04-10	MT 123X200CM AMAZINGSTONE1220+WOO1243+53
9589-AM46-04-10	MT123X200CM AMA 1240, WOO 1233,1263+FOTO
9589-AM89-04-10	MT123X200CM AMA 1280, WOO 1283,1293+FOTO
9589-CO18-UE-10	MT 123X200 COLOR IT COL1820-1890;FOTO
9589-EO21-04-10	MT 123X200CM EO2820,2821 FOTO
9589-EO23-04-10	MT 123X200 COLOR IT E02920;COL1830;POS
9589-EO31-04-10	MT 123X200CM EO2830,2831 FOTO
9589-EO34-04-10	MT 123X200 COLOR IT E02930;COL1840;POS
9589-SP29-UE-10	MT123X200 SPA2.02924,2925,2926,2927,2994
9589-SP59-04-10	MT 123X200 SPA2.0 2920,2990,2925,FOTO994
9589-SP69-04-10	MT 123X200 SPA2.0 2920,2990,2926,FOTO994
9589-SP79-04-10	MT 123X200 SPA2.0 2920,2990,2927,FOTO994
9589-SP92-04-10	MT 123X200 SPA 2.0 2920;2922;2990;FOTO94
9589-SP93-04-10	MT 123X200 SPA 2.0 2920;2923;2990;FOTO94
9589-SP95-04-10	MT 123X200 SPA2.0 SPA2920,2935,2990,FOTO
9589-SP96-04-10	MT 123X200 SPA2.0 SPA2920,2936,2990,FOTO
9589-SP97-04-10	MT 123X200 SPA2.0 2920,2937,2990,FOTO994
9589-TO11-04-10	MT 123X200 TIME OUT TIM2151;2191;FOTO
9589-TO14-04-10	MT123X200 TIME OUT TIM2420;2440;2441;FOT
9589-TO17-04-10	MT123X200 TIME OUT TIM2420;2470;2471;FOT
9589-TO41-04-10	MT123X200 TIME OUT TIM1220;1240;1241;FOT
9589-TO52-04-10	MT 123X200 TIME OUT TIM2420;2152;FOTO
9589-TO71-04-10	MT123X200 TIME OUT TIM1220;1270;1271;FOT
9589-TO92-04-10	MT 123X200 TIME OUT TIM2420;2192;FOTO
9592-CO50-0A-10	MT 120X184 COLOR IT COL 1450
9592-CO80-0A-10	MT 120X184 COLOR IT COL 1480
9592-CO90-0A-10	MT 120X184 COLOR IT COL 1490
9592-SH50-0A-10	MT 120X182 STONEHENGE SHE1450,FOTO
9592-SH60-0A-10	MT 120X182 STONEHENGE SHE1460,FOTO
9592-SH70-0A-10	MT 120X182 STONEHENGE SHE1470,FOTO
9592-SH90-0A-10	MT 120X182 STONEHENGE SHE1490,FOTO
9592-TO50-0D-10	MT 120X184CM TIME OUT TIM 2150
9592-TO90-0D-10	MT 120X184CM TIME OUT TIM 2190
9869-SOTF-80-10	MT 1-TLG.900 X 530 X 16 MM,RÜCKWAND GR80
